variable,VIF
cs2_hours,1.107208096310613
account_age_years,1.1299065763774885
steam_level,14.881403096242105
player_xp,8.818458278820799
badges_count,3.5465538647221813
friends_count,1.219526801453477
